{
  "user_based": {
    "rmse_mean": 0.9370133154713344,
    "rmse_std": 0.005639994688590371,
    "mae_mean": 0.7308578398358311,
    "mae_std": 0.004446225970833538,
    "time_mean": 1.3754804611206055,
    "rmse_per_fold": [
      0.9474897809974228,
      0.938089090233937,
      0.9345765346431493,
      0.9318853323830056,
      0.9330258390991573
    ],
    "mae_per_fold": [
      0.7390893515283271,
      0.728418604762256,
      0.7287475821595341,
      0.7263800562726197,
      0.7316536044564186
    ],
    "time_total": 6.951525688171387,
    "params": {
      "mode": "user",
      "similarity": "pearson",
      "k": 30
    }
  },
  "item_based": {
    "rmse_mean": 0.9194216904827309,
    "rmse_std": 0.005604616193312311,
    "mae_mean": 0.7183835837450633,
    "mae_std": 0.004894535620571992,
    "time_mean": 2.0884932041168214,
    "rmse_per_fold": [
      0.9300135609343999,
      0.9193237331993072,
      0.9160932773291647,
      0.9138251419841857,
      0.9178527389665975
    ],
    "mae_per_fold": [
      0.726906034686469,
      0.7156663812996512,
      0.7148033375098193,
      0.7137729720609702,
      0.7207691931684069
    ],
    "time_total": 10.507365465164185,
    "params": {
      "mode": "item",
      "similarity": "pearson",
      "k": 30
    }
  },
  "svd": {
    "rmse_mean": 0.9246135163308218,
    "rmse_std": 0.006673404755593648,
    "mae_mean": 0.7289277501438681,
    "mae_std": 0.005674484556467652,
    "time_mean": 2.8411118030548095,
    "rmse_per_fold": [
      0.9373525913082281,
      0.9249384495234503,
      0.9197534956253413,
      0.9192848327674823,
      0.9217382124296065
    ],
    "mae_per_fold": [
      0.7392455812859451,
      0.726425148419461,
      0.7244716822095463,
      0.7238732845397406,
      0.7306230542646476
    ],
    "time_total": 14.356714487075806,
    "params": {
      "n_factors": 50,
      "lr": 0.005,
      "reg": 0.05,
      "n_epochs": 30
    }
  },
  "svd_individual_search": {
    "rmse_mean": 0.9318212874966052,
    "rmse_std": 0.005364432352633944,
    "mae_mean": 0.7327063901230215,
    "mae_std": 0.004384820377446166,
    "time_mean": 2.436146926879883,
    "rmse_per_fold": [
      0.9421805651680857,
      0.9316588330078226,
      0.9291674242908552,
      0.9287755948297406,
      0.927324020186522
    ],
    "mae_per_fold": [
      0.7411695059388794,
      0.7303821249533706,
      0.729226086283981,
      0.7300617725732409,
      0.7326924608656353
    ],
    "time_total": 12.185374736785889,
    "params": {
      "n_factors": 20,
      "lr": 0.005,
      "reg": 0.02,
      "n_epochs": 30
    }
  },
  "baseline_global_mean": {
    "rmse_mean": 1.1255782065063082,
    "rmse_std": 0.01555501247323064,
    "mae_mean": 0.9447258399999999,
    "mae_std": 0.013097541761191666
  }
}